episode_key	reason
[TTS] Grundbog forord og resumé.wav	unmapped_source
[TTS] Grundbog kapitel 02 - Trækpsykologi.wav	unmapped_source
[TTS] Grundbog kapitel 03 - Adfærdspsykologiske og kognitive teorier om personligheden.wav	unmapped_source
[TTS] Grundbog kapitel 05 - Humanistiske og eksistentielle teorier om personligheden.wav	unmapped_source
[TTS] Grundbog kapitel 06 - Klassisk psykoanalyse, ego-psykologi og selv-psykologi.wav	unmapped_source
[TTS] Grundbog kapitel 07 - Nyere psykoanalytiske teorier.wav	unmapped_source
[TTS] Grundbog kapitel 12 - Evolutionspsykologi.wav	unmapped_source
[TTS] Grundbog kapitel 13 - Positiv psykologi.wav	unmapped_source
[TTS] W11L1 - Grundbog kapitel 11 - Postpsykologisk subjektiveringsteori. Problemet med personligheden version 2.0.wav	unmapped_source
